id,review,sentiment,aspect,rating,date
1,"The room was very clean and the staff was friendly, but the Wi-Fi was slow.",Positive,Wi-Fi,4,2026-09-01
2,"We booked a Family Room for our trip with kids. It was very spacious, comfortable and the staff provided extra bedding promptly.",Positive,Family Room,5,2026-09-02
3,"Our Deluxe Room was cozy and well air-conditioned, making our stay very pleasant.",Positive,Deluxe Room,5,2026-09-03
4,"The Super Deluxe Room was exceptional with premium bedding and quiet surroundings.",Positive,Super Deluxe Room,5,2026-09-04
5,"AC in room 204 was making rattling noise and cooling was inadequate during the afternoon.",Negative,AC,2,2026-09-05
6,"Great hotel location just a short 3-minute walk from Chhatrapati Sambhajinagar Railway Station.",Positive,Railway Station,5,2026-09-06
7,"Complimentary breakfast was fresh, hot, and served with delicious tea and poha.",Positive,Breakfast,4,2026-09-07
8,"Free parking space was very safe and secure for our car during our two-day stay.",Positive,Parking,5,2026-09-08
9,"The bathroom tiles were dusty and towels felt damp upon checking in.",Negative,Cleanliness,2,2026-09-09
10,"Front desk staff and caretaker showed genuine hospitality and helped us with local temple directions.",Positive,Staff,5,2026-09-10
11,"Wi-Fi connection kept dropping every 10 minutes while I was trying to do office work.",Negative,Wi-Fi,2,2026-09-11
12,"We appreciated the 24 hours service when we arrived late past midnight; check-in was smooth.",Positive,Service,5,2026-09-12
13,"The AC kept our Deluxe room refreshingly cool despite the hot weather outside.",Positive,AC,5,2026-09-13
14,"Parking area was congested and it was difficult to take the car out in the morning.",Negative,Parking,3,2026-09-14
15,"Deluxe Room was clean with neat bedsheets and hot water available in the shower.",Positive,Deluxe Room,4,2026-09-15
16,"Staff at the reception desk were inattentive and took 20 minutes just to locate our booking.",Negative,Staff,2,2026-09-16
17,"Super Deluxe Room was very comfortable, calm, and provided great peace of mind.",Positive,Super Deluxe Room,5,2026-09-17
18,"Breakfast was delayed until 9 AM which was inconvenient for our early train departure.",Negative,Breakfast,2,2026-09-18
19,"Prime location near railway station made our morning transit completely hassle-free.",Positive,Railway Station,5,2026-09-19
20,"The mattress in the Family Room was a bit firm, but overall the room was decent.",Neutral,Family Room,3,2026-09-20
21,"Housekeeping did a thorough job sanitizing the room and bathroom before our arrival.",Positive,Cleanliness,5,2026-09-21
22,"Geyser switch in room 105 was loose and required maintenance from the caretaker.",Negative,Maintenance,3,2026-09-22
23,"High-speed Wi-Fi in the lobby and rooms allowed uninterrupted video streaming.",Positive,Wi-Fi,5,2026-09-23
24,"Warm hospitality and polite behavior by the entire lodging team throughout our stay.",Positive,Hospitality,5,2026-09-24
25,"Family Room accommodated our parents and children comfortably with ample wardrobe space.",Positive,Family Room,5,2026-09-25
26,"Free parking facility right in front of the lodging was a huge convenience for our road trip.",Positive,Parking,4,2026-09-26
27,"AC cooling was moderate and remote battery was dead when we checked in.",Negative,AC,2,2026-09-27
28,"Complimentary breakfast had good options and hot South Indian breakfast items.",Positive,Breakfast,4,2026-09-28
29,"24 hours service assisted us with drinking water and extra blankets at 2 AM without delay.",Positive,Service,5,2026-09-29
30,"Convenient lodging near Sambhajinagar station with fair rates and helpful staff.",Positive,Location,4,2026-09-30
31,"The room was very clean and the staff was friendly, but the Wi-Fi was slow.",Positive,Wi-Fi,5.0,2026-10-06
32,"The room was very clean and the staff was friendly, but the Wi-Fi was slow.",Positive,Wi-Fi,5.0,2026-10-06
33,The room was very unclean and the staff was not at all friendly and the Wi-Fi was also slow.,Positive,Wi-Fi,5.0,2026-10-06
34,"The room was very unclean, and the staff was not at all friendly and the Wi-Fi was also slow.",Positive,Wi-Fi,5.0,2026-10-06
35,very bad room,Negative,Room,2.5,2026-10-06
36,the room is very good,Positive,Room,5.0,2026-10-06
